{"loss": 5.7239027879177, "accuracy": 0.4718013973873349, "simple_accuracy": 0.3796969090516751, "_timestamp": 1720201109.101349, "_runtime": 6692.590226173401, "_step": 11}