{"loss": 1.7535430766068971, "accuracy": 0.6265417091588966, "simple_accuracy": 0.5633801963084784, "_timestamp": 1720041749.0131094, "_runtime": 23186.960116386414, "_step": 49, "_wandb": {"runtime": 23449}}