{"loss": 5.573536145381438, "accuracy": 0.4932793985528359, "simple_accuracy": 0.4039174801646135, "_timestamp": 1720264574.9352028, "_runtime": 451.5938777923584, "_step": 0, "_wandb": {"runtime": 613}}