{"loss": 5.466693340203701, "accuracy": 0.4714910523504274, "simple_accuracy": 0.3797788583697417, "_timestamp": 1720149155.4761288, "_runtime": 4699.16167473793, "_step": 7, "_wandb": {"runtime": 5235}}