{"loss": 6.3248811685121975, "accuracy": 0.4511765794968916, "simple_accuracy": 0.36366519771325284, "_timestamp": 1720018074.1804876, "_runtime": 565.7049295902252, "_step": 0, "_wandb": {"runtime": 833}}