{"loss": 1.8280358001207695, "accuracy": 0.6193943643162393, "simple_accuracy": 0.5168496867020925, "_timestamp": 1720244229.4214983, "_runtime": 16083.87341928482, "_step": 29, "_wandb": {"runtime": 16326}}