{"loss": 1.9341022593852801, "accuracy": 0.596287393162393, "simple_accuracy": 0.5015054390980647, "_timestamp": 1720176202.2249246, "_runtime": 26477.96012544632, "_step": 49, "_wandb": {"runtime": 26721}}