{"loss": 2.515148754303272, "accuracy": 0.5428796680749804, "simple_accuracy": 0.46164165704678267, "_timestamp": 1720219187.7580745, "_runtime": 17943.147844552994, "_step": 29, "_wandb": {"runtime": 18173}}