{"loss": 2.4186233954551892, "accuracy": 0.5601271124708626, "simple_accuracy": 0.46765127243139804, "_timestamp": 1720257329.319904, "_runtime": 8015.819118976593, "_step": 14, "_wandb": {"runtime": 8252}}