{"loss": 5.573536145381438, "accuracy": 0.4932793985528359, "simple_accuracy": 0.4039174801646135, "_timestamp": 1720265223.865664, "_runtime": 409.99282789230347, "_step": 0, "_wandb": {"runtime": 419}}