{"loss": 4.627958560601259, "accuracy": 0.4866380147630147, "simple_accuracy": 0.3965359727541606, "_timestamp": 1720075838.6951995, "_runtime": 16481.193754434586, "_step": 29, "_wandb": {"runtime": 16752}}