{"loss": 1.0492839457897039, "accuracy": 0.7739112883644131, "simple_accuracy": 0.636803734761018, "_timestamp": 1720269416.0079489, "_runtime": 4159.386260986328, "_step": 9, "_wandb": {"runtime": 4341}}